﻿<?xml version="1.0" encoding="utf-8"?>
<hibernate-configuration  xmlns="urn:nhibernate-configuration-2.2" >
	<session-factory name="NHibernate.Test">
		<property name="connection.driver_class">NHibernate.Driver.SQLite20Driver</property>
		<property name="connection.connection_string">Data Source=db/KitShopDB.db;Version=3</property>
		<property name="dialect">NHibernate.Dialect.SQLiteDialect</property>
		<property name="query.substitutions">true=1;false=0</property>
    <mapping assembly="KitShop.Core" />
	</session-factory>
</hibernate-configuration>